0,-0.1032763820516032
1,0.03660381241215177
2,0.00655000999322456
3,0.023512556725335216
4,0.005149286134005993
5,0.01693339914341784
6,0.007995055814646223
7,0.019849104810653637
8,0.01736000837850423
9,0.02641135520022226
10,0.023168319301840466
11,0.03039058547273857
12,0.026526381708971213
13,0.030965446108564047
14,0.028338216484728514
15,0.030940279045128777
16,0.019504589807777434
17,0.019919210505182878
18,0.012757638416439423
19,0.010949627086289838
20,0.007199333058276243
21,0.00930391292865958
22,0.0075650022830398055
23,0.009816566614061217
24,0.008327392328120988
25,0.011723959902885968
26,0.009618913403633743
27,0.010000219956531824
28,0.004301226904935742
29,0.0018401433857744057
30,-0.002177553967377309
31,-0.002018962316269751
32,-0.004429355736926925
33,-0.004692813267463382
34,-0.006941726834774771
35,-0.006328820750332444
36,-0.009331472056591674
37,-0.010535455069800744
38,-0.017787504927204406
39,-0.021907330695526608
40,-0.02314193866286549
41,-0.01836966256900917
42,-0.014656601830609472
43,-0.01056624000881933
44,-0.011006034476664601
45,-0.010681443020820003
46,-0.014065998349428985
47,-0.01565130098980498
48,-0.020475116221409986
49,-0.02313643127909585
50,-0.02800719473642905
51,-0.03255614967555963
52,-0.04070628404327066
53,-0.04665418832326522
54,-0.051648212224398665
55,-0.053648374568411594
56,-0.056881903702489967
57,-0.057961641592884465
58,-0.06207315560498717
59,-0.06477610753165518
60,-0.0689643024368547
61,-0.07241462810790154
62,-0.07704094816772354
63,-0.07844229281414195
64,-0.08087792962399244
65,-0.08151019662755124
66,-0.08369980585975952
67,-0.08368381308041217
68,-0.08525463500915197
69,-0.08547711670878273
70,-0.08766322691613637
71,-0.08915001243001527
72,-0.09127379777923324
73,-0.09230236696285614
74,-0.09496761911804326
75,-0.09497088664049544
76,-0.09244355974656306
77,-0.09208227157585577
78,-0.09288863663892614
79,-0.09371409624157873
80,-0.09600530386129319
81,-0.09741757786486675
82,-0.10020378372653643
83,-0.10769372747832444
84,-0.11768453266238289
85,-0.12093549101454745
86,-0.12348791072585363
87,-0.12477652628656291
88,-0.1280749223872805
89,-0.12967384513534874
90,-0.1324275319887152
91,-0.13281050973555517
92,-0.13418567802431294
93,-0.13435373505578438
94,-0.13626725164063627
95,-0.13705279567749534
96,-0.13891363301403248
97,-0.14060280287764618
98,-0.14283701409957236
99,-0.1431491270239485
100,-0.14381457808091178
101,-0.14369237644428817
102,-0.1452366974604546
103,-0.1471853010274144
104,-0.1485755072441905
105,-0.1472347986704664
106,-0.14601536567933632
107,-0.14434470924121753
108,-0.14574074875557727
109,-0.14628649565981042
110,-0.1484902499472151
111,-0.14882516596660694
112,-0.1486313230874104
113,-0.14771004546487035
114,-0.14754725222873344
115,-0.14652668367811902
116,-0.14691148160496276
117,-0.14657115301010717
118,-0.14804399500426677
119,-0.15094953454878074
120,-0.15510464622774126
121,-0.15748337140238106
122,-0.1599629351229269
123,-0.16274528999603538
124,-0.16749656127840945
125,-0.1726092798101778
126,-0.17825909829971043
127,-0.180385848556922
128,-0.18195330539558235
129,-0.1832023042635867
130,-0.18556943368397952
131,-0.18629028448448343
132,-0.18698764042869923
133,-0.1871853199178564
134,-0.18752254065659724
135,-0.1877685406996926
136,-0.1917121035685182
137,-0.19771647789001393
138,-0.20594487153355473
139,-0.21173862299428528
140,-0.21604713704999462
141,-0.21933276780833552
142,-0.22333456128991686
143,-0.22624206331613655
144,-0.22981947992514337
145,-0.23295437724088836
146,-0.2371098711101102
147,-0.23940082215590577
148,-0.2407974124967002
149,-0.24148006386932303
150,-0.24216116490383494
151,-0.24224529560792998
152,-0.24351837616759386
153,-0.24324873539279948
154,-0.24304398816114128
155,-0.24292660756401785
156,-0.24362262717743333
157,-0.24349024688289023
158,-0.24336820193559525
159,-0.24094357042752929
160,-0.23937766717345985
161,-0.23776846405936736
162,-0.23752810287199916
163,-0.23846230881963162
164,-0.23902125677161434
165,-0.23727656273700118
166,-0.23496350307926622
167,-0.2329394027777232
168,-0.23309204529985114
169,-0.23304893899155607
170,-0.234114235155087
171,-0.2341801588487383
172,-0.2352361125701336
173,-0.23647081294381508
174,-0.23800937505126704
175,-0.23849307742964698
176,-0.23927038272649606
177,-0.2389154950177436
178,-0.2389937211930102
179,-0.23891381006780266
180,-0.23959777162662682
181,-0.24035265794060715
182,-0.241477178508246
183,-0.2415184510478273
184,-0.2415791149917864
185,-0.24179198397956408
186,-0.2426004592612184
187,-0.2427039892738516
188,-0.24333864251867104
189,-0.24245145596992415
190,-0.24213827150990372
191,-0.24134570865537136
192,-0.2410626577356228
193,-0.23981610852009955
194,-0.24084958000666246
195,-0.2422959420218191
196,-0.24474936403779934
197,-0.24665914194816413
198,-0.24779613173240309
199,-0.24808610795099464
200,-0.24934430479238381
201,-0.2508531872913442
202,-0.2530868685673674
203,-0.2542186427698654
204,-0.25565924940168855
205,-0.2564287368847264
206,-0.25760777582430266
207,-0.25806085921356936
208,-0.2589190643365598
209,-0.25921297250520586
210,-0.25946908868571295
211,-0.2593512471588405
212,-0.2600867635295356
213,-0.26077464261369004
214,-0.2618831844804195
215,-0.26246948417087784
216,-0.26324731803514706
217,-0.2633697117529866
218,-0.2639077859532171
219,-0.26392222190638454
220,-0.26489165976109336
221,-0.26700826058761884
222,-0.26963360031827593
223,-0.2711591261094249
224,-0.27331100350085524
225,-0.27472694773516687
226,-0.2758696518901755
227,-0.2758460802826051
228,-0.2759269794881318
229,-0.275885384607386
230,-0.2768104496538916
231,-0.2770571065678599
232,-0.27777459847339464
233,-0.2781236574008578
234,-0.27886716609298373
235,-0.27958132860651025
236,-0.28121664322493894
237,-0.2818516394157332
238,-0.2831407498377621
239,-0.2845293617851831
240,-0.28580536920948085
241,-0.28682639338612276
242,-0.2890508634305267
243,-0.28935160405671423
244,-0.28953836182033355
245,-0.287945454768821
246,-0.2857256824661218
247,-0.2845473779242251
248,-0.28504447523907095
249,-0.2852067450044029
250,-0.28555757462403386
251,-0.2850902058831314
252,-0.2848313777335663
253,-0.28456210056932874
254,-0.2847269935563213
255,-0.283945505772985
256,-0.2828754275404649
257,-0.28214446511120883
258,-0.28265587808823955
259,-0.2827174019611163
260,-0.28330481114763767
261,-0.2834869557332248
262,-0.2839177796108415
263,-0.28379007265523776
264,-0.2843053184554835
265,-0.2841108259445826
266,-0.28451422026865647
267,-0.28437590508412963
268,-0.2857355242452859
269,-0.2880897309338441
270,-0.2911449757077913
271,-0.2924569966285723
272,-0.29222975366344295
273,-0.29134402172922597
274,-0.2909134730779986
275,-0.2905690922773299
276,-0.29017110986131467
277,-0.2886745517184508
278,-0.28875323452757856
279,-0.2882152343974505
280,-0.2875719471931271
281,-0.2869836513318693
282,-0.28713930838186597
283,-0.2874490752276128
284,-0.28857180278346556
285,-0.2889300724340361
286,-0.2891473318124639
287,-0.29080138329344735
288,-0.2934187961090769
289,-0.2940865787809873
290,-0.2938701686003953
291,-0.29339357360453205
292,-0.29349849544430767
293,-0.2935219322732338
294,-0.2941527615639239
295,-0.29507918757501406
296,-0.2965291033105443
297,-0.2987584627987588
298,-0.3022257270191624
299,-0.30444279301462723
300,-0.3054186593758209
301,-0.30584989466606216
302,-0.3066118033344634
303,-0.3070944848744132
304,-0.30745144827707505
305,-0.30692117725904405
306,-0.3074125978766241
307,-0.30801662613383485
308,-0.30965422502769385
309,-0.3102018921346563
310,-0.3091401709505902
311,-0.30733205201839914
312,-0.3065194665814196
313,-0.3060163899738974
314,-0.3067258623102607
315,-0.3055319261845471
316,-0.30416013437381556
317,-0.30434978444495286
318,-0.30491151520010135
319,-0.3067219692607864
320,-0.3097408364003323
321,-0.31351930689899554
322,-0.31873739120639455
323,-0.3233969783929918
324,-0.3252259063818494
325,-0.32568487417757364
326,-0.3261479389210136
327,-0.327121682553292
328,-0.3281234336308538
329,-0.32913387905253016
330,-0.3312043754133465
331,-0.3329824570016867
332,-0.33472175836650836
333,-0.33588229679705517
334,-0.33790967811542655
335,-0.3383180125392946
336,-0.3387883851716414
337,-0.33881457300140466
338,-0.3388033805794963
339,-0.3384014411336462
340,-0.33793484990162115
341,-0.33667241327906366
342,-0.3359936869751343
343,-0.33627299871420263
344,-0.33673409927353326
345,-0.33676460958962656
346,-0.33681560398710725
347,-0.3361355326274425
348,-0.3361950626159278
349,-0.3363102631308537
350,-0.33772321604464267
351,-0.33971508435686154
352,-0.3405194943951323
353,-0.3409049033957878
354,-0.34131576767481386
355,-0.3415788660901898
356,-0.3423872811638355
357,-0.34282917198754415
358,-0.3442636936528823
359,-0.34570506478053403
360,-0.3470494125959617
361,-0.34791609590818195
362,-0.3490712427557518
363,-0.3497541137600509
364,-0.3501302199588901
365,-0.34981162608502453
366,-0.34961096514227946
367,-0.34898950635209774
368,-0.3486317360069769
369,-0.34785891964363763
370,-0.3475416647579754
371,-0.34695862701948466
372,-0.34656752767544025
373,-0.34626263262078816
374,-0.34739094208374527
375,-0.349073332111419
376,-0.34969848898174866
377,-0.34928295532565123
378,-0.34914056364004015
379,-0.346712338728008
380,-0.3455039076132938
381,-0.34492932589243147
382,-0.3448477360093144
383,-0.3447225158102812
384,-0.3450756595079659
385,-0.34503758810837004
386,-0.3453418041107639
387,-0.34496075844128193
388,-0.3446355619314093
389,-0.34440003011140186
390,-0.3442170041413328
391,-0.3438103820345267
392,-0.34388423185358014
393,-0.34382548087709425
394,-0.34443657283241247
395,-0.34490687551122307
396,-0.34588312319729303
397,-0.34590578436006886
398,-0.3462532747656249
399,-0.346346645521792
400,-0.3461261917426148
401,-0.34663763819037546
402,-0.34884482608069894
403,-0.3500724103985378
404,-0.3498034625287825
405,-0.3498199686180589
406,-0.3497900176331057
407,-0.3497363613364738
408,-0.3496280975057516
409,-0.34924107481096783
410,-0.3491730366287139
411,-0.3498939179697108
412,-0.351542523625342
413,-0.35201784197839847
414,-0.35275177115612905
415,-0.3531740959057486
416,-0.3544750243217713
417,-0.35599423403878944
418,-0.3593480573582071
419,-0.3653422854342728
420,-0.3695431131363401
421,-0.37111929801626253
422,-0.3713983338756527
423,-0.37139670536060476
424,-0.37115091468531897
425,-0.3715450090101324
426,-0.37185059912914376
427,-0.3717052392769832
428,-0.3719474974912629
429,-0.3724978475330512
430,-0.37325143700170954
431,-0.37376540627618743
432,-0.3743275114829284
433,-0.3743846021430028
434,-0.37449441465805605
435,-0.3742833496825597
436,-0.37517927477627844
437,-0.3759110199228145
438,-0.3769792144604626
439,-0.37758089957072744
440,-0.3781109394379555
441,-0.37816686022057083
442,-0.37857400940432157
443,-0.37853816716745703
444,-0.37834553712329166
445,-0.37820905015348444
446,-0.3785707512156115
447,-0.3796130226330024
448,-0.38124470441717023
449,-0.38184665324264644
450,-0.38206721864137466
451,-0.38265819000196843
452,-0.38275034228892807
453,-0.38170167193495264
454,-0.3800326354073399
455,-0.37713342648003856
456,-0.375666684213895
457,-0.37496450699930467
458,-0.3750438823124684
459,-0.37526550820097604
460,-0.375680280661015
461,-0.37513550847183574
462,-0.3745942930031424
463,-0.37337101930054717
464,-0.37186244853960765
465,-0.3698369324236158
466,-0.3692029923212029
467,-0.36958556132670545
468,-0.36957804905594566
469,-0.36931822398326175
470,-0.36910556759888863
471,-0.3683413850405198
472,-0.3679499560775758
473,-0.3678343940168817
474,-0.3679467950092952
475,-0.3674768034236894
476,-0.36762584770320744
477,-0.3679666418304247
478,-0.36819686870690277
479,-0.3675169916316299
480,-0.3668127171448095
481,-0.365728559320831
482,-0.36469154679013555
483,-0.3639731790037281
484,-0.3631696991783596
485,-0.362054251334777
486,-0.36150932023116306
487,-0.3615600773478651
488,-0.36193258557953967
489,-0.36180740706665837
490,-0.3617616552196885
491,-0.3614847695936931
492,-0.36128396770318216
493,-0.36025635574696513
494,-0.3593609811298397
495,-0.35815163148316187
496,-0.3575708565625186
497,-0.35656654926596854
498,-0.35623998079431657
499,-0.3555405115531425
500,-0.3551327810799932
501,-0.35467863459126137
502,-0.35382186540968114
503,-0.35321528271541847
504,-0.35391813884307816
505,-0.3541998180058073
506,-0.3549703475089072
507,-0.3552615237041179
508,-0.3558686523543673
509,-0.35550446479292025
510,-0.3559029959639158
511,-0.35604629673347393
512,-0.3561386595066737
513,-0.3562861885301296
514,-0.3563584071939954
515,-0.35423758213777484
516,-0.35323683951876245
517,-0.35358747274957514
518,-0.35410864732323133
519,-0.35403978360391264
520,-0.35421762874588547
521,-0.35429761298155366
522,-0.35317697915034807
523,-0.3517588076666888
524,-0.3514677382771932
525,-0.3518866524000151
526,-0.3528464440476485
527,-0.353317809543751
528,-0.3537873144439987
529,-0.3544763681991504
530,-0.35530153783162227
531,-0.3558593034934699
532,-0.35646231410049156
533,-0.35722831191976323
534,-0.357913205763171
535,-0.3571209632224394
536,-0.3561116462271026
537,-0.35524487450022957
538,-0.3549191343498982
539,-0.3548617334739995
540,-0.35534629564120346
541,-0.35573326057709315
542,-0.3556648684614395
543,-0.3556333972223794
544,-0.3553936017086488
545,-0.35406943538147995
546,-0.35145766786049415
547,-0.35009134596634056
548,-0.3506480510502406
549,-0.3513679153405686
550,-0.352265025674741
551,-0.352650845316076
552,-0.35348842228924454
553,-0.3545690570244676
554,-0.3552054723293671
555,-0.355012706413855
556,-0.35491998473764824
557,-0.3541688345604346
558,-0.35342422968819365
559,-0.3528624176178456
560,-0.3524073052082185
561,-0.3521129704076776
562,-0.35261358895872646
563,-0.35257659043691597
564,-0.35279212767097057
565,-0.35249463799850717
566,-0.35236927657454237
567,-0.3515583803222285
568,-0.35085279036780387
569,-0.3504838733879091
570,-0.3499000278814644
571,-0.3497976912810641
572,-0.35099355379121727
573,-0.35289028823045154
574,-0.354255756119811
575,-0.3541348711863273
576,-0.35399168251498764
577,-0.3520973285539523
578,-0.35145936075018075
579,-0.3509207455300491
580,-0.35071068959719326
581,-0.3502541842096931
582,-0.35051523596643774
583,-0.3501677815685106
584,-0.3499369011209414
585,-0.34930084319880744
586,-0.3487036024804298
587,-0.34793705683713155
588,-0.34763329537064197
589,-0.3471675061120295
590,-0.34814628195449054
591,-0.3460517532706031
592,-0.33389382713224175
593,-0.3323798017954823
594,-0.3319098805511207
595,-0.3311653990230433
596,-0.3291367112096434
597,-0.3268056804093823
598,-0.32646237801627914
599,-0.3270631247779568
600,-0.3275332295034226
601,-0.3274315780432593
602,-0.32765539105179264
603,-0.32726127197823124
604,-0.32704361682984967
605,-0.3271533239522256
606,-0.32754069587017914
607,-0.3280238432892449
608,-0.3289401147780826
609,-0.32885098049118644
610,-0.3294548603782631
611,-0.3304405745846032
612,-0.3313688618793124
613,-0.3319986209955294
614,-0.3328467814038394
615,-0.3335005041682602
616,-0.3337758265986848
617,-0.3333052174160181
618,-0.3327805671601436
619,-0.3322567120878157
620,-0.33259519891748646
621,-0.3318363499407901
622,-0.3320654520678195
623,-0.33208883403122863
624,-0.33318126033575907
625,-0.33443066535781896
626,-0.33350289438208014
627,-0.3324924348047915
628,-0.3319472175254679
629,-0.33133049835398604
630,-0.3308002090406569
631,-0.33031917373383224
632,-0.3298969206085796
633,-0.3301377509437704
634,-0.33056466945765184
635,-0.3304571629638996
636,-0.33030738325859055
637,-0.32963267503328275
638,-0.32931057223244287
639,-0.32932941607304805
640,-0.3285950408553579
641,-0.32580150383687473
642,-0.3248162037535243
643,-0.3253268252145293
644,-0.3253137114813236
645,-0.32513653167570006
646,-0.32507941484081776
647,-0.3239571665530328
648,-0.32364564242066396
649,-0.3233935412365643
650,-0.3232518051594435
651,-0.323405400683169
652,-0.32438684715175065
653,-0.3249082734237985
654,-0.3249552340842847
655,-0.32239070552735183
656,-0.32012129653554844
657,-0.3168679455744416
658,-0.3136886789232783
659,-0.31238600813397566
660,-0.3118859592681173
661,-0.3111613393808008
662,-0.3100918042977718
663,-0.3086127714441163
664,-0.3071206538255065
665,-0.30613120865836485
666,-0.30543034225870447
667,-0.30496560701804837
668,-0.30520322593146243
669,-0.3057731918255694
670,-0.30454672138467737
671,-0.30204764336143725
672,-0.29919593780557435
673,-0.29706238234843646
674,-0.2958669692045224
675,-0.29543590136606035
676,-0.2958372171744201
677,-0.2958458566294537
678,-0.29676925630508655
679,-0.297197642000394
680,-0.29654118998054224
681,-0.29397167205736274
682,-0.28968113293509273
683,-0.28811039794381027
684,-0.28694801077272747
685,-0.28526668453465104
686,-0.28392012150978924
687,-0.2824089564444261
688,-0.28052911622501736
689,-0.27838145253619584
690,-0.27459324686371794
691,-0.2675701702112869
692,-0.26158333475874523
693,-0.2586351887747088
694,-0.2580738909922001
695,-0.2569759849236262
696,-0.25629924876146015
697,-0.2556407170561673
698,-0.255284334083569
699,-0.2549215471907135
700,-0.2546010891572417
701,-0.2545367405176976
702,-0.25472106281694373
703,-0.2549720848060476
704,-0.25503474437638657
705,-0.25515370359335765
706,-0.25529677124141675
707,-0.25445229511523143
708,-0.2549977683071423
709,-0.255345789993116
710,-0.25535447752798135
711,-0.25521167098033537
712,-0.25478506311001137
713,-0.2540104322870018
714,-0.25345828289579364
715,-0.25257017936686144
716,-0.25171203953431837
717,-0.2507862689259895
718,-0.2506478415635795
719,-0.25068420025339583
720,-0.25086876253591445
721,-0.25075753503854104
722,-0.2507261735105159
723,-0.2522655415500431
724,-0.2533044059342832
725,-0.2524439453745687
726,-0.25214501254954363
727,-0.2515667898011186
728,-0.2515258203594462
729,-0.25144713027458154
730,-0.2502701303577039
731,-0.24897047002751743
732,-0.2482289463429561
733,-0.2476034984378677
734,-0.2465059503649953
735,-0.24680960896840617
736,-0.2477889337155626
737,-0.2485873508706359
738,-0.24943623033232123
739,-0.25038174152298565
740,-0.2523636886036333
741,-0.2548833836906096
742,-0.2576555820868785
743,-0.26171608356449483
744,-0.2653198923949126
745,-0.2667139943395926
746,-0.2668867089439955
747,-0.266853098211315
748,-0.26676793548775685
749,-0.2665862882587437
750,-0.2662369457844912
751,-0.2655004781878739
752,-0.26551861878750227
753,-0.26583602734854045
754,-0.2659668462457256
755,-0.26585327997634733
756,-0.26559762355643635
757,-0.2656738866276191
758,-0.2662715301857215
759,-0.26661373123556753
760,-0.26502974802701795
761,-0.26103265975906775
762,-0.2574873938934444
763,-0.2539469988761042
764,-0.25259682342082895
765,-0.25282239564818165
766,-0.2525590318520062
767,-0.2515507503045608
768,-0.2519250313241309
769,-0.25207934961426226
770,-0.25209262065835913
771,-0.25109961237163947
772,-0.25086857768409493
773,-0.25074884608276005
774,-0.2506926516708233
775,-0.25033620703744913
776,-0.25038931856666496
777,-0.25082581084365463
778,-0.2514839025723824
779,-0.25370045132815827
780,-0.2566857476933849
781,-0.25951138951841746
782,-0.2614888095747642
783,-0.2618495005358558
784,-0.2620922210040891
785,-0.26164613457008357
786,-0.26118039819463434
787,-0.2613584797361215
788,-0.26170908888588335
789,-0.26132477296513146
790,-0.2606490681515102
791,-0.26027930363721846
792,-0.2612208261062448
793,-0.2622241437488191
794,-0.2613589376396086
795,-0.2597817632782636
796,-0.258400597266647
797,-0.2578196685126759
798,-0.2574325624633476
799,-0.25713415318036037
800,-0.2578167925068759
801,-0.2594868491320006
802,-0.26098356215066015
803,-0.2611190624511851
804,-0.2604662131500561
805,-0.2606812899324137
806,-0.260384321584143
807,-0.2614022050682058
808,-0.2625451711351841
809,-0.26542387398647216
810,-0.2576567869417735
811,-0.2549834279100573
812,-0.25817458820887795
813,-0.2575026000241903
814,-0.2583782575184315
815,-0.2577409290240008
816,-0.2563821275049332
817,-0.25354641711879355
818,-0.2511782282540624
819,-0.24811309527801398
820,-0.24445747407725948
821,-0.24167311664665148
822,-0.24146602838937892
823,-0.24433174989601725
824,-0.2495468451004144
825,-0.2535879196861623
826,-0.25954639443944727
827,-0.26236702570881687
828,-0.2648058563197035
829,-0.2659177458122262
830,-0.2644347886362787
831,-0.2612600352135855
832,-0.260342095293218
833,-0.2605617348416222
834,-0.26134988513950397
835,-0.262239304237508
836,-0.26389045711870746
837,-0.2632446680376692
838,-0.2645934546489114
839,-0.2658366163595695
840,-0.266562964692824
841,-0.2665317744152351
842,-0.26787759536653605
843,-0.26976350793143394
844,-0.27241079722992717
845,-0.2752020483454657
846,-0.2781249779490992
847,-0.27855944325185206
848,-0.2785587233585137
849,-0.2790409596968292
850,-0.2787236445121386
851,-0.2776116360298329
852,-0.2775245705722516
853,-0.27638938030794147
854,-0.27566302088556077
855,-0.2747858119915041
856,-0.27391712952539876
857,-0.2700760880911083
858,-0.2663652145620014
859,-0.26458479872282387
860,-0.26456093824353016
861,-0.265301240040188
862,-0.26595449770276375
863,-0.26547252998029186
864,-0.26587988728973583
865,-0.2669150024449945
866,-0.26857270478716294
867,-0.2690432688587719
868,-0.2706258325520207
869,-0.27248788046295014
870,-0.2745325201927983
871,-0.2754713074651295
872,-0.2759978051075727
873,-0.27589538371978123
874,-0.2757185422693196
875,-0.2746047447017019
876,-0.27445360364799526
877,-0.2750374305698318
878,-0.2762018984363131
879,-0.27718569109231256
880,-0.2779507977492062
881,-0.278035364099539
882,-0.27817370510880485
883,-0.2768456382008365
884,-0.2763090708980935
885,-0.2756010709955568
886,-0.2750036004670222
887,-0.27459095490206253
888,-0.27405903406378357
889,-0.2733271079161039
890,-0.272867883328483
891,-0.27252395509118366
892,-0.27333358817144837
893,-0.2736685682453514
894,-0.27369493422777247
895,-0.27238921434679825
896,-0.2704385838001321
897,-0.2675356205672885
898,-0.26649360840195996
899,-0.2667524631574847
900,-0.2685263944046229
901,-0.2709731797508398
902,-0.2730180692847975
903,-0.27261671590245384
904,-0.27190349964581506
905,-0.2706122497677332
906,-0.2704600774933662
907,-0.27005505862142526
908,-0.26993234423742013
909,-0.27024135514664105
910,-0.27122955659221487
911,-0.2708715438426404
912,-0.2709716279802181
913,-0.2711638544963874
914,-0.2717452620815516
915,-0.271854278536516
916,-0.27241258992516443
917,-0.2731171285391793
918,-0.27445449272936623
919,-0.2747931642928136
920,-0.27535267154988247
921,-0.2757573997095475
922,-0.2763130650925827
923,-0.2761701696800776
924,-0.2762604706124921
925,-0.27626469854865265
926,-0.27713478751666154
927,-0.2779122337659565
928,-0.2784469879813986
929,-0.27825543409961256
930,-0.2783115319802392
931,-0.2782411042824961
932,-0.2790555809242281
933,-0.2794622285758427
934,-0.2790877602635335
935,-0.2785437237488795
936,-0.27805580168752725
937,-0.27743944603410936
938,-0.27719328826066836
939,-0.27719377556580277
940,-0.27875188143606483
941,-0.27903701551016297
942,-0.2796220493495808
943,-0.28044647357632985
944,-0.28156601439455564
945,-0.28242408529460833
946,-0.2836453061404949
947,-0.2838557636352155
948,-0.2842731313129563
949,-0.284639216463918
950,-0.28517320650099
951,-0.28530879866647896
952,-0.2855414258036514
953,-0.28526936517993445
954,-0.2847645339284036
955,-0.28399859496989543
956,-0.2844299325460789
957,-0.28095504206827093
958,-0.2778562020650669
959,-0.2771201395628053
960,-0.276809226326174
961,-0.2764652356832447
962,-0.2768132431114431
963,-0.2769228308372722
964,-0.27768203427388627
965,-0.2787682863673768
966,-0.28041340359109523
967,-0.28286436996369935
968,-0.2849285588796489
969,-0.2857847860138377
970,-0.2861541735398487
971,-0.2851882631405352
972,-0.2854071089936539
973,-0.2856664225861268
974,-0.2866429902968902
975,-0.28767654487371147
976,-0.28858287114384706
977,-0.28800290053937044
978,-0.2870006835353517
979,-0.2867699185522524
980,-0.28734667684389154
981,-0.28731165455649227
982,-0.2872560955685553
983,-0.28694926628824435
984,-0.28692647191094683
985,-0.28691819166031357
986,-0.2870356775508502
987,-0.2871576324741095
988,-0.2872507207789595
989,-0.287486555955398
990,-0.2878265707849486
991,-0.28757579677257966
992,-0.28748269282065514
993,-0.2875707016847722
994,-0.28761962931569424
995,-0.28740633165823515
996,-0.28751945108949806
997,-0.28738098310651194
998,-0.2873781687639493
999,-0.28743016567340934
1000,-0.2876854660661475
1001,-0.28770873927048435
1002,-0.2879029460344609
1003,-0.2881861342783747
1004,-0.2886787290321759
1005,-0.2886272962025366
1006,-0.2890542354554472
1007,-0.28891483375768384
1008,-0.2888346750942184
1009,-0.288469657344292
1010,-0.2882234791010292
1011,-0.2879231297047593
1012,-0.2882106872577611
1013,-0.28863644586468495
1014,-0.2890045243034021
1015,-0.28870470279244836
1016,-0.28851620855179483
1017,-0.28790029910608744
1018,-0.28754679269874933
1019,-0.2870086228684082
1020,-0.28668338303532737
1021,-0.2866789627886258
1022,-0.2870595169739825
1023,-0.2865195543313347
1024,-0.286095414565437
1025,-0.28527278639446474
1026,-0.2840171515308062
1027,-0.28337954709439794
1028,-0.28268050405051953
1029,-0.2817267240602456
1030,-0.28086984397161296
1031,-0.2804679870208919
1032,-0.279938678324708
1033,-0.27916191278397523
1034,-0.2786917768324467
1035,-0.2777202208187505
1036,-0.27824792218742705
1037,-0.27850149291181453
1038,-0.27964098250388403
1039,-0.27912130741746527
1040,-0.2785734422719712
1041,-0.2777851254882859
1042,-0.27784395961942393
1043,-0.27808279094592503
1044,-0.2786969646705523
1045,-0.27810363629798424
1046,-0.2780678523642321
1047,-0.27780594061404773
1048,-0.2775941368489349
1049,-0.27637473123379963
1050,-0.27545127935040703
1051,-0.27402438522378253
1052,-0.273301985061864
1053,-0.2724188729079002
1054,-0.27169744867719353
1055,-0.2704814380189879
1056,-0.2688929234683107
1057,-0.2662116688892034
1058,-0.2638912551314266
1059,-0.26194192377455994
1060,-0.25921004659052105
1061,-0.25675265871834757
1062,-0.25592781033876294
1063,-0.2543636017688273
1064,-0.2538470281186785
1065,-0.2527359368679535
1066,-0.2526186299364168
1067,-0.25193009261627763
1068,-0.2521963277154444
1069,-0.2517217765690986
1070,-0.2514565910559932
1071,-0.2506656209675842
1072,-0.25070564854402855
1073,-0.2492201764455686
1074,-0.24821020570304578
1075,-0.2465507244599755
1076,-0.24559254838510128
1077,-0.24361260886569966
1078,-0.24197907793213722
1079,-0.23880136035106497
1080,-0.23654421874202314
1081,-0.2334675725791657
1082,-0.2323541200457294
1083,-0.23094192986657963
1084,-0.2294576378654568
1085,-0.22839686992423716
1086,-0.22797404019258694
1087,-0.22874038883305087
1088,-0.23049686129668895
1089,-0.23178243701424797
1090,-0.23185007955609077
1091,-0.23174139047430237
1092,-0.23248539992512432
1093,-0.23440112067684077
1094,-0.23618200405594417
1095,-0.23740663898880404
1096,-0.23831258712502665
1097,-0.2381172116006534
1098,-0.23835964248728123
1099,-0.23779144836266802
1100,-0.2372369238504985
1101,-0.23630194053424683
1102,-0.2358618277024534
1103,-0.23403145402538333
1104,-0.23339928196779786
1105,-0.23340977999515394
1106,-0.23371231599602238
1107,-0.23364436666872854
1108,-0.23392585167377072
1109,-0.23371359270581202
1110,-0.2333558289720864
1111,-0.2324288212899046
1112,-0.2314646737089471
1113,-0.23033574584108582
1114,-0.2305246495398908
1115,-0.2309651767453445
1116,-0.23071559536342745
1117,-0.22973598866068032
1118,-0.22864654280803154
1119,-0.22781664804558432
1120,-0.22757361602946521
1121,-0.22726589806191214
1122,-0.22690403169997242
1123,-0.22525264294299122
1124,-0.22333203816337668
1125,-0.2216264896000232
1126,-0.2205450248924309
1127,-0.21888063446628642
1128,-0.2182213012405343
1129,-0.2169706906425863
1130,-0.2162134212387917
1131,-0.21548737680061694
1132,-0.21516363374767236
1133,-0.21520769834522693
1134,-0.21625426270158019
1135,-0.21489545624792325
1136,-0.21304868089778756
1137,-0.21283125680403966
1138,-0.2148376304592088
1139,-0.2165207452074821
1140,-0.2171228344413245
1141,-0.21660868661030863
1142,-0.21584742380875915
1143,-0.21468374304046162
1144,-0.21428179037034029
1145,-0.21393695701929663
1146,-0.21344493923862765
1147,-0.21302232026241608
1148,-0.21336612513362757
1149,-0.213826647725494
1150,-0.21362960471779233
1151,-0.21314185269752656
1152,-0.21428242704811362
1153,-0.21655895846581721
1154,-0.21794246602920544
1155,-0.2170248876349651
1156,-0.21626967124319088
1157,-0.21621179477190625
1158,-0.21605461340299964
1159,-0.21521862640869727
1160,-0.2144365067509946
1161,-0.2134821681073671
1162,-0.21324742550811362
1163,-0.21190579218695843
1164,-0.2109957845692285
1165,-0.2099666363594682
1166,-0.21013296413031504
1167,-0.2094612035054786
1168,-0.2096213086194389
1169,-0.2087351329031575
1170,-0.2083574105093232
1171,-0.20745471465224724
1172,-0.20714423716050845
1173,-0.20704304929576536
1174,-0.20761747416391305
1175,-0.2094408241550738
1176,-0.2112681221909552
1177,-0.21294388126586464
1178,-0.21549129868832764
1179,-0.21673240601765453
1180,-0.2182409048567942
1181,-0.21851639696304057
1182,-0.2189768034024053
1183,-0.21962207633973552
1184,-0.22217649710503876
1185,-0.22382072350517823
1186,-0.22515846685995644
1187,-0.22597505385569325
1188,-0.22715504570445544
1189,-0.22776762758344193
1190,-0.22854125776718814
1191,-0.22910575165383726
1192,-0.2296378008870208
1193,-0.22764509088749293
1194,-0.2250534270617902
1195,-0.22336151833071413
1196,-0.2227762824600992
1197,-0.22165902542537763
1198,-0.22110800680106826
1199,-0.2198428996761903
1200,-0.2187915457072304
1201,-0.21752157940319836
1202,-0.21599956128294848
1203,-0.2140904359601599
1204,-0.21201115454685793
1205,-0.2099056933339216
1206,-0.20941842316146556
1207,-0.2082121800171415
1208,-0.20734620160390363
1209,-0.2067822571070943
1210,-0.20680704820518228
1211,-0.20576452011446222
1212,-0.206151360167062
1213,-0.20691566092407185
1214,-0.2075550122277004
1215,-0.20759291380925962
1216,-0.20825965429281978
1217,-0.2084865012990018
1218,-0.20891447323378384
1219,-0.20882019465682455
1220,-0.20900315861090496
1221,-0.20927266963592459
1222,-0.20992566308009106
1223,-0.2103880416566268
1224,-0.21137527873282755
1225,-0.21175387434125428
1226,-0.2125970597639174
1227,-0.21285066027125912
1228,-0.21341160297269143
1229,-0.21333975639383984
1230,-0.21327430808919892
1231,-0.21280700037185832
1232,-0.21266660835923443
1233,-0.21182536886624367
1234,-0.21084321717624194
1235,-0.2103886393367955
1236,-0.21034105876753018
1237,-0.2082486951162315
1238,-0.20622466117938704
1239,-0.20360578148916564
1240,-0.20154278541543025
1241,-0.19904519353484734
1242,-0.19796652632120657
1243,-0.1967994578504226
1244,-0.19654048614655584
1245,-0.19528322542796744
1246,-0.19478216819227503
1247,-0.19286265609820377
1248,-0.19086666530516214
1249,-0.18960815707171574
1250,-0.1898868953800935
1251,-0.18941718514112202
1252,-0.1891996267328903
1253,-0.18788480700904414
1254,-0.1874624167174238
1255,-0.18627344166699344
1256,-0.18553600773683737
1257,-0.18487936855675702
1258,-0.18463651906901213
1259,-0.18392387807721866
1260,-0.18361251279568241
1261,-0.18212456668240856
1262,-0.18197480371391175
1263,-0.18196815325922328
1264,-0.18226372378835262
1265,-0.18233460659199438
1266,-0.1825369192652424
1267,-0.18247675480291306
1268,-0.18287867033432084
1269,-0.182676875873828
1270,-0.18296668018457793
1271,-0.18233583181793409
1272,-0.18162329491331186
1273,-0.1807837534546547
1274,-0.181114773286283
1275,-0.18100638960954593
1276,-0.18194964243421916
1277,-0.1820155505850901
1278,-0.1822254889355198
1279,-0.18172113360570702
1280,-0.18226618605136538
1281,-0.1825693233722728
1282,-0.1831645148560377
1283,-0.18296703435276523
1284,-0.18276611916263807
1285,-0.1819193605814433
1286,-0.18201938748663923
1287,-0.1816469183330079
1288,-0.1821769066078088
1289,-0.1822119800806422
1290,-0.18246469517565878
1291,-0.1819825648343544
1292,-0.18212186479681175
1293,-0.18170271129330706
1294,-0.18198252094185036
1295,-0.18122168128364985
1296,-0.18102774814056088
1297,-0.1802115363148514
1298,-0.1806896342931141
1299,-0.18131903971224045
1300,-0.18310009634941482
1301,-0.18472874982802065
1302,-0.18697277332630077
1303,-0.18774810688867943
1304,-0.1887027688430159
1305,-0.18831529777992584
1306,-0.18924995861314806
1307,-0.18985222064768784
1308,-0.1910745754399677
1309,-0.19166717399152405
1310,-0.19344797188545673
1311,-0.19434196682242724
1312,-0.1956347275665016
1313,-0.19656591019957584
1314,-0.19864127980299356
1315,-0.19955731549812528
1316,-0.20088563136509985
1317,-0.20235259360380828
1318,-0.20424669276601987
1319,-0.2060785550343975
1320,-0.21139990939929978
1321,-0.21821235246977855
1322,-0.221190646714405
1323,-0.22033532623331345
1324,-0.22126425852923567
1325,-0.2208850004035715
1326,-0.22226978965399466
1327,-0.2230283518242636
1328,-0.22474571922389325
1329,-0.22437088678079561
1330,-0.22428142709337573
1331,-0.22367567453551415
1332,-0.22414903407335907
1333,-0.22383672874704452
1334,-0.2249170737084493
1335,-0.22526908025804795
1336,-0.2283187300841387
1337,-0.2272373680788247
1338,-0.227642650647471
1339,-0.22807914200345344
1340,-0.2280565636378785
1341,-0.227439174917695
1342,-0.2285101530258632
1343,-0.22921027616786746
1344,-0.23008840796798
1345,-0.22942868115834894
1346,-0.2299360487217326
1347,-0.2295000393992338
1348,-0.23016091062986557
1349,-0.23018019523443295
1350,-0.23063378039556034
1351,-0.23000532405301954
1352,-0.23171173587665544
1353,-0.23333363020300193
1354,-0.2359610804739841
1355,-0.23777960839393067
1356,-0.23989426188275867
1357,-0.24101797120532975
1358,-0.24387707069287085
1359,-0.24465927151188677
1360,-0.2454841406084023
1361,-0.24487172316767378
1362,-0.24527530749129436
1363,-0.24479244804615102
1364,-0.24561015359136132
1365,-0.24433922904720984
1366,-0.24555954656040513
1367,-0.24465655953719595
1368,-0.2444381363066434
1369,-0.24381468377098034
1370,-0.24611256146446753
1371,-0.24588355936858308
1372,-0.24636985726388055
1373,-0.24620269377741952
1374,-0.24803102176630437
1375,-0.24783527048873324
1376,-0.2485800550726244
1377,-0.24808586301993085
1378,-0.24887395983798388
1379,-0.24789178541103962
1380,-0.24831027940299621
1381,-0.24730689161402747
1382,-0.24894664551168422
1383,-0.2491034347699152
1384,-0.25095319571575014
1385,-0.2504762948438574
1386,-0.2517251805844811
1387,-0.25191087649638716
1388,-0.25417771846967124
1389,-0.2544213263017733
1390,-0.25645211885207997
1391,-0.2563296831132943
1392,-0.25749571121233417
1393,-0.2563949615687307
1394,-0.25675599696189727
1395,-0.25461813555154694
1396,-0.2555800314237421
1397,-0.2540498398165666
1398,-0.25471485809053807
1399,-0.2533927255485135
1400,-0.2551269290992594
1401,-0.25403423321329366
1402,-0.25551647307210806
1403,-0.2541159589384861
1404,-0.25688952427060807
1405,-0.2574212907461141
1406,-0.2606385070093837
1407,-0.26086525544828426
1408,-0.262246393145398
1409,-0.2603481884965799
1410,-0.2610197621860424
1411,-0.26004943126244795
1412,-0.26232996295100136
1413,-0.2595467634315151
1414,-0.2610737930195714
1415,-0.2593249364598204
1416,-0.2616099227846356
1417,-0.26058290239861964
1418,-0.26260410566613634
1419,-0.26094498547848066
1420,-0.26313392797285023
1421,-0.26064274049689384
1422,-0.263040571319919
1423,-0.26072771469879796
1424,-0.2635022944409872
1425,-0.2610748046639897
1426,-0.2647033305653221
1427,-0.26301529187770933
1428,-0.26859097679960886
1429,-0.26787037035751715
1430,-0.27251288932366263
1431,-0.26921714945260444
1432,-0.27416994732915884
1433,-0.27036308295125905
1434,-0.2767200605923042
1435,-0.2708753453012118
1436,-0.2768568409708117
1437,-0.2677804718009524
1438,-0.275760920622972
1439,-0.26437329223420475
1440,-0.27880861726981415
1441,-0.25929642039227024
1442,-0.29339225081746423
